"Log Regress","Gradient Boost","Random Forest"
0.456530347404763,0.449107651871956,0.455373367882028
0.457831119797917,0.450751359500735,0.456270226061725
0.456807674158346,0.449280249660443,0.455277720566673
